property_code,property_id,stay_date,banked_ooo,banked_other,blocks_ooo,blocks_other,di_oos,di_capacity,ooo_source
DP,44199,2026-07-16,7,1,2,1,3.00,153,cloudbeds
DP,44199,2026-07-17,4,1,4,1,5.00,153,cloudbeds
DP,44199,2026-07-18,3,1,3,1,4.00,153,cloudbeds
DP,44199,2026-07-19,2,1,2,1,3.00,153,cloudbeds
DP,44199,2026-07-20,2,1,2,1,3.00,153,cloudbeds
DP,44199,2026-07-21,2,3,2,1,3.00,153,cloudbeds
DP,44199,2026-07-22,3,1,3,1,4.00,153,cloudbeds
DP,44199,2026-07-23,2,1,2,1,2.98,153,cloudbeds
DP,44199,2026-07-24,1,2,1,2,3.00,153,cloudbeds
DP,44199,2026-07-25,1,2,1,2,3.00,153,cloudbeds
DP,44199,2026-07-26,1,2,1,2,3.00,153,cloudbeds
DP,44199,2026-07-27,3,0,3,0,3.00,153,cloudbeds
DP,44199,2026-07-28,3,0,3,0,3.00,153,cloudbeds
DP,44199,2026-07-29,4,1,3,0,3.00,153,cloudbeds
DP,44199,2026-07-30,3,1,2,0,2.00,153,cloudbeds
DP,44199,2026-07-31,3,1,3,1,4.00,153,cloudbeds
DP,44199,2026-08-01,2,1,2,0,2.00,153,cloudbeds
DP,44199,2026-08-02,6,0,6,0,6.00,153,cloudbeds
DP,44199,2026-08-03,1,1,1,0,1.00,153,cloudbeds
DP,44199,2026-08-04,2,0,2,0,2.00,153,cloudbeds
DP,44199,2026-08-05,2,0,2,0,2.00,153,cloudbeds
LL,4645,2026-07-16,4,2,3,1,4.00,157,cloudbeds
LL,4645,2026-07-17,2,1,2,1,3.00,157,cloudbeds
LL,4645,2026-07-18,3,1,2,2,4.00,157,cloudbeds
LL,4645,2026-07-19,4,1,2,1,3.00,157,cloudbeds
LL,4645,2026-07-20,3,0,2,1,2.98,157,cloudbeds
LL,4645,2026-07-21,3,1,2,1,2.98,157,cloudbeds
LL,4645,2026-07-22,3,1,2,1,2.98,157,cloudbeds
LL,4645,2026-07-23,4,1,3,1,3.97,157,cloudbeds
LL,4645,2026-07-24,4,1,2,1,2.98,157,cloudbeds
LL,4645,2026-07-25,4,1,2,1,3.00,157,cloudbeds
LL,4645,2026-07-26,4,1,2,1,3.00,157,cloudbeds
LL,4645,2026-07-27,3,1,1,1,2.00,157,cloudbeds
LL,4645,2026-07-28,3,1,1,1,2.00,157,cloudbeds
LL,4645,2026-07-29,6,1,1,1,2.00,157,cloudbeds
LL,4645,2026-07-30,2,1,1,1,2.00,157,cloudbeds
LL,4645,2026-07-31,1,1,0,1,1.00,157,cloudbeds
LL,4645,2026-08-01,2,3,1,2,3.00,157,cloudbeds
LL,4645,2026-08-02,3,3,1,2,3.00,157,cloudbeds
LL,4645,2026-08-03,7,2,5,1,6.00,157,cloudbeds
LL,4645,2026-08-04,18,3,24,2,26.00,157,cloudbeds
LL,4645,2026-08-05,10,3,10,2,12.00,157,cloudbeds
KE,2295,2026-07-16,29,0,27,0,26.84,167,cloudbeds
KE,2295,2026-07-17,29,0,27,0,26.84,167,cloudbeds
KE,2295,2026-07-18,29,0,27,0,26.84,167,cloudbeds
KE,2295,2026-07-19,30,0,28,0,27.83,167,cloudbeds
KE,2295,2026-07-20,24,0,30,0,29.82,167,cloudbeds
KE,2295,2026-07-21,24,0,29,0,28.83,167,cloudbeds
KE,2295,2026-07-22,24,1,31,0,30.82,167,cloudbeds
KE,2295,2026-07-23,24,0,28,0,27.83,167,cloudbeds
KE,2295,2026-07-24,24,0,28,0,27.83,167,cloudbeds
KE,2295,2026-07-25,24,0,28,0,27.83,167,cloudbeds
KE,2295,2026-07-26,24,0,30,0,29.82,167,cloudbeds
KE,2295,2026-07-27,24,1,31,0,30.82,167,cloudbeds
KE,2295,2026-07-28,24,0,32,0,31.81,167,cloudbeds
KE,2295,2026-07-29,24,0,31,0,30.82,167,cloudbeds
KE,2295,2026-07-30,24,0,31,0,30.82,167,cloudbeds
KE,2295,2026-07-31,24,0,31,0,30.82,167,cloudbeds
KE,2295,2026-08-01,23,2,31,0,30.82,167,cloudbeds
KE,2295,2026-08-02,24,1,31,0,30.82,167,cloudbeds
KE,2295,2026-08-03,24,0,30,0,29.82,167,cloudbeds
KE,2295,2026-08-04,24,0,32,0,31.81,167,cloudbeds
KE,2295,2026-08-05,24,0,31,0,30.82,167,cloudbeds
KW,5399,2026-07-16,5,1,2,0,2.00,160,cloudbeds
KW,5399,2026-07-17,5,1,2,0,2.00,160,cloudbeds
KW,5399,2026-07-18,4,1,2,0,2.00,160,cloudbeds
KW,5399,2026-07-19,3,1,1,0,0.99,160,cloudbeds
KW,5399,2026-07-20,3,1,1,0,0.99,160,cloudbeds
KW,5399,2026-07-21,3,1,1,0,1.00,160,cloudbeds
KW,5399,2026-07-22,3,1,1,0,1.00,160,cloudbeds
KW,5399,2026-07-23,3,1,1,0,1.00,160,cloudbeds
KW,5399,2026-07-24,4,1,1,0,1.00,160,cloudbeds
KW,5399,2026-07-25,5,1,2,0,2.00,160,cloudbeds
KW,5399,2026-07-26,5,1,2,0,2.00,160,cloudbeds
KW,5399,2026-07-27,5,1,2,0,1.95,160,cloudbeds
KW,5399,2026-07-28,5,1,2,0,1.95,160,cloudbeds
KW,5399,2026-07-29,5,0,2,0,1.95,160,cloudbeds
KW,5399,2026-07-30,6,0,5,0,4.88,160,cloudbeds
KW,5399,2026-07-31,3,0,4,0,3.98,160,cloudbeds
KW,5399,2026-08-01,7,3,8,0,8.00,160,cloudbeds
KW,5399,2026-08-02,8,1,8,0,8.00,160,cloudbeds
KW,5399,2026-08-03,8,0,8,0,8.00,160,cloudbeds
KW,5399,2026-08-04,7,0,7,0,7.00,160,cloudbeds
KW,5399,2026-08-05,8,0,8,0,8.00,160,cloudbeds
JW,6802,2026-07-16,7,4,6,4,9.71,133,cloudbeds
JW,6802,2026-07-17,6,4,5,4,8.87,133,cloudbeds
JW,6802,2026-07-18,4,4,4,4,7.94,133,cloudbeds
JW,6802,2026-07-19,4,4,4,4,7.94,133,cloudbeds
JW,6802,2026-07-20,4,4,4,4,7.94,133,cloudbeds
JW,6802,2026-07-21,5,4,5,4,8.93,133,cloudbeds
JW,6802,2026-07-22,6,4,6,4,9.93,133,cloudbeds
JW,6802,2026-07-23,6,4,6,4,9.85,133,cloudbeds
JW,6802,2026-07-24,6,4,6,4,9.93,133,cloudbeds
JW,6802,2026-07-25,5,4,5,4,8.93,133,cloudbeds
JW,6802,2026-07-26,5,4,5,4,8.93,133,cloudbeds
JW,6802,2026-07-27,7,7,7,7,13.90,133,cloudbeds
JW,6802,2026-07-28,7,7,7,7,13.79,133,cloudbeds
JW,6802,2026-07-29,7,6,7,6,12.90,133,cloudbeds
JW,6802,2026-07-30,6,6,6,6,11.91,133,cloudbeds
JW,6802,2026-07-31,6,5,5,5,9.85,133,cloudbeds
JW,6802,2026-08-01,6,6,5,6,10.92,133,cloudbeds
JW,6802,2026-08-02,7,5,6,5,10.92,133,cloudbeds
JW,6802,2026-08-03,6,4,6,4,9.93,133,cloudbeds
JW,6802,2026-08-04,8,5,8,5,13.00,133,cloudbeds
JW,6802,2026-08-05,7,5,8,5,13.00,133,cloudbeds
JN,812,2026-07-16,107,3,100,1,101.00,127,override
JN,812,2026-07-17,107,3,100,1,101.00,127,override
JN,812,2026-07-18,107,3,100,1,101.00,127,override
JN,812,2026-07-19,107,3,100,1,101.00,127,override
JN,812,2026-07-20,107,1,101,1,102.00,127,override
JN,812,2026-07-21,107,1,101,1,102.00,127,override
JN,812,2026-07-22,107,0,102,1,103.00,127,override
JN,812,2026-07-23,107,0,103,1,104.00,127,override
JN,812,2026-07-24,107,0,103,1,104.00,127,override
JN,812,2026-07-25,107,0,103,1,104.00,127,override
JN,812,2026-07-26,107,0,103,1,104.00,127,override
JN,812,2026-07-27,107,0,103,1,104.00,127,override
JN,812,2026-07-28,107,0,103,1,104.00,127,override
JN,812,2026-07-29,107,0,103,1,104.00,127,override
JN,812,2026-07-30,107,0,103,1,104.00,127,override
JN,812,2026-07-31,107,0,103,1,104.00,127,override
JN,812,2026-08-01,107,0,102,1,103.00,127,override
JN,812,2026-08-02,107,0,102,1,103.00,127,override
JN,812,2026-08-03,107,0,102,2,104.00,127,override
JN,812,2026-08-04,107,0,103,2,105.00,127,override
JN,812,2026-08-05,107,0,103,2,105.00,127,override
SA,2535,2026-07-16,8,5,8,3,11.00,140,cloudbeds
SA,2535,2026-07-17,9,5,9,3,12.00,140,cloudbeds
SA,2535,2026-07-18,8,5,8,3,11.00,140,cloudbeds
SA,2535,2026-07-19,8,5,8,3,11.00,140,cloudbeds
SA,2535,2026-07-20,11,0,11,3,14.00,140,cloudbeds
SA,2535,2026-07-21,12,5,12,3,15.00,140,cloudbeds
SA,2535,2026-07-22,10,5,10,3,13.00,140,cloudbeds
SA,2535,2026-07-23,9,5,9,3,12.00,140,cloudbeds
SA,2535,2026-07-24,10,6,10,4,14.00,140,cloudbeds
SA,2535,2026-07-25,10,6,10,3,13.00,140,cloudbeds
SA,2535,2026-07-26,14,6,14,3,17.00,140,cloudbeds
SA,2535,2026-07-27,14,6,14,3,17.00,140,cloudbeds
SA,2535,2026-07-28,15,5,15,3,18.00,140,cloudbeds
SA,2535,2026-07-29,14,5,14,3,17.00,140,cloudbeds
SA,2535,2026-07-30,13,4,13,3,16.00,140,cloudbeds
SA,2535,2026-07-31,14,4,14,3,17.00,140,cloudbeds
SA,2535,2026-08-01,15,4,14,3,17.00,140,cloudbeds
SA,2535,2026-08-02,13,3,12,2,14.00,140,cloudbeds
SA,2535,2026-08-03,14,3,14,3,17.00,140,cloudbeds
SA,2535,2026-08-04,13,2,13,2,15.00,140,cloudbeds
SA,2535,2026-08-05,12,3,12,2,14.00,140,cloudbeds
OR,8700,2026-07-16,10,1,8,0,7.88,135,cloudbeds
OR,8700,2026-07-17,9,1,7,0,6.90,135,cloudbeds
OR,8700,2026-07-18,10,1,8,0,7.88,135,cloudbeds
OR,8700,2026-07-19,10,1,8,0,7.88,135,cloudbeds
OR,8700,2026-07-20,10,0,8,0,7.88,135,cloudbeds
OR,8700,2026-07-21,10,0,8,0,7.88,135,cloudbeds
OR,8700,2026-07-22,9,0,7,0,6.90,135,cloudbeds
OR,8700,2026-07-23,9,0,7,0,6.90,135,cloudbeds
OR,8700,2026-07-24,9,0,7,0,6.90,135,cloudbeds
OR,8700,2026-07-25,9,0,7,0,6.90,135,cloudbeds
OR,8700,2026-07-26,9,0,7,0,6.90,135,cloudbeds
OR,8700,2026-07-27,9,0,7,0,6.90,135,cloudbeds
OR,8700,2026-07-28,9,0,7,0,6.90,135,cloudbeds
OR,8700,2026-07-29,9,0,7,0,6.90,135,cloudbeds
OR,8700,2026-07-30,9,0,9,0,8.87,135,cloudbeds
OR,8700,2026-07-31,10,3,9,1,9.93,135,cloudbeds
OR,8700,2026-08-01,10,2,9,1,9.93,135,cloudbeds
OR,8700,2026-08-02,11,2,10,1,10.92,135,cloudbeds
OR,8700,2026-08-03,11,2,11,1,11.91,135,cloudbeds
OR,8700,2026-08-04,11,2,11,1,11.91,135,cloudbeds
OR,8700,2026-08-05,12,2,12,1,12.90,135,cloudbeds
